barrels08,barrelsA08,charge120,charge240,city08,city08U,cityA08,cityA08U,cityCD,cityE,cityUF,co2,co2A,co2TailpipeAGpm,co2TailpipeGpm,comb08,comb08U,combA08,combA08U,combE,combinedCD,combinedUF,cylinders,displ,drive,engId,eng_dscr,feScore,fuelCost08,fuelCostA08,fuelType,fuelType1,ghgScore,ghgScoreA,highway08,highway08U,highwayA08,highwayA08U,highwayCD,highwayE,highwayUF,hlv,hpv,id,lv2,lv4,make,model,mpgData,phevBlended,pv2,pv4,range,rangeCity,rangeCityA,rangeHwy,rangeHwyA,trany,UCity,UCityA,UHighway,UHighwayA,VClass,year,youSaveSpend,guzzler,trans_dscr,tCharger,sCharger,atvType,fuelType2,rangeA,evMotor,mfrCode,c240Dscr,charge240b,c240bDscr,createdOn,modifiedOn,startStop,phevCity,phevHwy,phevComb
15.695714285714287,0.0,0.0,0.0,19,0.0,0,0.0,0.0,0.0,0.0,-1,-1,0.0,423.1904761904762,21,0.0,0,0.0,0.0,0.0,0.0,4,2.0,Rear-Wheel Drive,9011,(FFS),-1,1650,0,Regular,Regular Gasoline,-1,-1,25,0.0,0,0.0,0.0,0.0,0.0,0,0,1,0,0,Alfa Romeo,Spider Veloce 2000,Y,false,0,0,0,0.0,0.0,0.0,0.0,Manual 5-spd,23.3333,0.0,35.0,0.0,Two Seaters,1985,-2000,,,,,,,,,,,0.0,,Tue Jan 01 00:00:00 EST 2013,Tue Jan 01 00:00:00 EST 2013,,0,0,0
29.96454545454546,0.0,0.0,0.0,9,0.0,0,0.0,0.0,0.0,0.0,-1,-1,0.0,807.9090909090909,11,0.0,0,0.0,0.0,0.0,0.0,12,4.9,Rear-Wheel Drive,22020,(GUZZLER),-1,3100,0,Regular,Regular Gasoline,-1,-1,14,0.0,0,0.0,0.0,0.0,0.0,0,0,10,0,0,Ferrari,Testarossa,N,false,0,0,0,0.0,0.0,0.0,0.0,Manual 5-spd,11.0,0.0,19.0,0.0,Two Seaters,1985,-9250,T,,,,,,,,,,0.0,,Tue Jan 01 00:00:00 EST 2013,Tue Jan 01 00:00:00 EST 2013,,0,0,0
12.207777777777778,0.0,0.0,0.0,23,0.0,0,0.0,0.0,0.0,0.0,-1,-1,0.0,329.14814814814815,27,0.0,0,0.0,0.0,0.0,0.0,4,2.2,Front-Wheel Drive,2100,(FFS),-1,1250,0,Regular,Regular Gasoline,-1,-1,33,0.0,0,0.0,0.0,0.0,0.0,19,77,100,0,0,Dodge,Charger,Y,false,0,0,0,0.0,0.0,0.0,0.0,Manual 5-spd,29.0,0.0,47.0,0.0,Subcompact Cars,1985,0,,SIL,,,,,,,,,0.0,,Tue Jan 01 00:00:00 EST 2013,Tue Jan 01 00:00:00 EST 2013,,0,0,0
29.96454545454546,0.0,0.0,0.0,10,0.0,0,0.0,0.0,0.0,0.0,-1,-1,0.0,807.9090909090909,11,0.0,0,0.0,0.0,0.0,0.0,8,5.2,Rear-Wheel Drive,2850,,-1,3100,0,Regular,Regular Gasoline,-1,-1,12,0.0,0,0.0,0.0,0.0,0.0,0,0,1000,0,0,Dodge,B150/B250 Wagon 2WD,N,false,0,0,0,0.0,0.0,0.0,0.0,Automatic 3-spd,12.2222,0.0,16.6667,0.0,Vans,1985,-9250,,,,,,,,,,,0.0,,Tue Jan 01 00:00:00 EST 2013,Tue Jan 01 00:00:00 EST 2013,,0,0,0
17.347894736842107,0.0,0.0,0.0,17,0.0,0,0.0,0.0,0.0,0.0,-1,-1,0.0,467.7368421052632,19,0.0,0,0.0,0.0,0.0,0.0,4,2.2,4-Wheel or All-Wheel Drive,66031,"(FFS,TRBO)",-1,2300,0,Premium,Premium Gasoline,-1,-1,23,0.0,0,0.0,0.0,0.0,0.0,0,0,10000,0,14,Subaru,Legacy AWD Turbo,N,false,0,90,0,0.0,0.0,0.0,0.0,Manual 5-spd,21.0,0.0,32.0,0.0,Compact Cars,1993,-5250,,,T,,,,,,,,0.0,,Tue Jan 01 00:00:00 EST 2013,Tue Jan 01 00:00:00 EST 2013,,0,0,0
14.98227272727273,0.0,0.0,0.0,21,0.0,0,0.0,0.0,0.0,0.0,-1,-1,0.0,403.95454545454544,22,0.0,0,0.0,0.0,0.0,0.0,4,1.8,Front-Wheel Drive,66020,(FFS),-1,1550,0,Regular,Regular Gasoline,-1,-1,24,0.0,0,0.0,0.0,0.0,0.0,0,0,10001,0,15,Subaru,Loyale,N,false,0,88,0,0.0,0.0,0.0,0.0,Automatic 3-spd,27.0,0.0,33.0,0.0,Compact Cars,1993,-1500,,,,,,,,,,,0.0,,Tue Jan 01 00:00:00 EST 2013,Tue Jan 01 00:00:00 EST 2013,,0,0,0
13.1844,0.0,0.0,0.0,22,0.0,0,0.0,0.0,0.0,0.0,-1,-1,0.0,355.48,25,0.0,0,0.0,0.0,0.0,0.0,4,1.8,Front-Wheel Drive,66020,(FFS),-1,1350,0,Regular,Regular Gasoline,-1,-1,29,0.0,0,0.0,0.0,0.0,0.0,0,0,10002,0,15,Subaru,Loyale,Y,false,0,88,0,0.0,0.0,0.0,0.0,Manual 5-spd,28.0,0.0,41.0,0.0,Compact Cars,1993,-500,,,,,,,,,,,0.0,,Tue Jan 01 00:00:00 EST 2013,Tue Jan 01 00:00:00 EST 2013,,0,0,0
13.73375,0.0,0.0,0.0,23,0.0,0,0.0,0.0,0.0,0.0,-1,-1,0.0,370.2916666666667,24,0.0,0,0.0,0.0,0.0,0.0,4,1.6,Front-Wheel Drive,57005,(FFS),-1,1400,0,Regular,Regular Gasoline,-1,-1,26,0.0,0,0.0,0.0,0.0,0.0,0,0,10003,0,13,Toyota,Corolla,Y,false,0,89,0,0.0,0.0,0.0,0.0,Automatic 3-spd,29.0,0.0,37.0,0.0,Compact Cars,1993,-750,,,,,,,,,,,0.0,,Tue Jan 01 00:00:00 EST 2013,Tue Jan 01 00:00:00 EST 2013,,0,0,0
12.677307692307693,0.0,0.0,0.0,23,0.0,0,0.0,0.0,0.0,0.0,-1,-1,0.0,341.8076923076923,26,0.0,0,0.0,0.0,0.0,0.0,4,1.6,Front-Wheel Drive,57005,(FFS),-1,1300,0,Regular,Regular Gasoline,-1,-1,31,0.0,0,0.0,0.0,0.0,0.0,0,0,10004,0,13,Toyota,Corolla,Y,false,0,89,0,0.0,0.0,0.0,0.0,Manual 5-spd,30.0,0.0,43.0,0.0,Compact Cars,1993,-250,,,,,,,,,,,0.0,,Tue Jan 01 00:00:00 EST 2013,Tue Jan 01 00:00:00 EST 2013,,0,0,0
13.1844,0.0,0.0,0.0,23,0.0,0,0.0,0.0,0.0,0.0,-1,-1,0.0,355.48,25,0.0,0,0.0,0.0,0.0,0.0,4,1.8,Front-Wheel Drive,57006,(FFS),-1,1350,0,Regular,Regular Gasoline,-1,-1,30,0.0,0,0.0,0.0,0.0,0.0,0,0,10005,0,13,Toyota,Corolla,Y,false,0,89,0,0.0,0.0,0.0,0.0,Automatic 4-spd,29.0,0.0,42.0,0.0,Compact Cars,1993,-500,,,,,,,,,,,0.0,,Tue Jan 01 00:00:00 EST 2013,Tue Jan 01 00:00:00 EST 2013,,0,0,0
12.677307692307693,0.0,0.0,0.0,23,0.0,0,0.0,0.0,0.0,0.0,-1,-1,0.0,341.8076923076923,26,0.0,0,0.0,0.0,0.0,0.0,4,1.8,Front-Wheel Drive,57006,(FFS),-1,1300,0,Regular,Regular Gasoline,-1,-1,30,0.0,0,0.0,0.0,0.0,0.0,0,0,10006,0,13,Toyota,Corolla,Y,false,0,89,0,0.0,0.0,0.0,0.0,Manual 5-spd,30.0,0.0,42.3077,0.0,Compact Cars,1993,-250,,,,,,,,,,,0.0,,Tue Jan 01 00:00:00 EST 2013,Tue Jan 01 00:00:00 EST 2013,,0,0,0
15.695714285714287,0.0,0.0,0.0,18,0.0,0,0.0,0.0,0.0,0.0,-1,-1,0.0,423.1904761904762,21,0.0,0,0.0,0.0,0.0,0.0,4,2.0,Front-Wheel Drive,59007,(FFS),-1,1650,0,Regular,Regular Gasoline,-1,-1,26,0.0,0,0.0,0.0,0.0,0.0,17,88,10007,0,0,Volkswagen,Golf III / GTI,N,false,0,0,0,0.0,0.0,0.0,0.0,Automatic 4-spd,23.0,0.0,36.0,0.0,Compact Cars,1993,-2000,,2MODE CLKUP,,,,,,,,,0.0,,Tue Jan 01 00:00:00 EST 2013,Tue Jan 01 00:00:00 EST 2013,,0,0,0
13.73375,0.0,0.0,0.0,21,0.0,0,0.0,0.0,0.0,0.0,-1,-1,0.0,370.2916666666667,24,0.0,0,0.0,0.0,0.0,0.0,4,2.0,Front-Wheel Drive,59007,(FFS),-1,1400,0,Regular,Regular Gasoline,-1,-1,29,0.0,0,0.0,0.0,0.0,0.0,17,88,10008,0,0,Volkswagen,Golf III / GTI,Y,false,0,0,0,0.0,0.0,0.0,0.0,Manual 5-spd,27.0,0.0,41.0,0.0,Compact Cars,1993,-750,,,,,,,,,,,0.0,,Tue Jan 01 00:00:00 EST 2013,Tue Jan 01 00:00:00 EST 2013,,0,0,0
15.695714285714287,0.0,0.0,0.0,18,0.0,0,0.0,0.0,0.0,0.0,-1,-1,0.0,423.1904761904762,21,0.0,0,0.0,0.0,0.0,0.0,4,2.0,Front-Wheel Drive,59007,(FFS),-1,1650,0,Regular,Regular Gasoline,-1,-1,26,0.0,0,0.0,0.0,0.0,0.0,0,0,10009,0,15,Volkswagen,Jetta III,N,false,0,88,0,0.0,0.0,0.0,0.0,Automatic 4-spd,23.0,0.0,36.0,0.0,Compact Cars,1993,-2000,,2MODE CLKUP,,,,,,,,,0.0,,Tue Jan 01 00:00:00 EST 2013,Tue Jan 01 00:00:00 EST 2013,,0,0,0
25.354615384615386,0.0,0.0,0.0,12,0.0,0,0.0,0.0,0.0,0.0,-1,-1,0.0,683.6153846153846,13,0.0,0,0.0,0.0,0.0,0.0,8,5.2,Rear-Wheel Drive,2850,,-1,2650,0,Regular,Regular Gasoline,-1,-1,15,0.0,0,0.0,0.0,0.0,0.0,0,0,1001,0,0,Dodge,B150/B250 Wagon 2WD,N,false,0,0,0,0.0,0.0,0.0,0.0,Automatic 3-spd,14.4444,0.0,21.0,0.0,Vans,1985,-7000,,,,,,,,,,,0.0,,Tue Jan 01 00:00:00 EST 2013,Tue Jan 01 00:00:00 EST 2013,,0,0,0
14.330869565217391,0.0,0.0,0.0,20,0.0,0,0.0,0.0,0.0,0.0,-1,-1,0.0,386.39130434782606,23,0.0,0,0.0,0.0,0.0,0.0,4,2.0,Front-Wheel Drive,59007,(FFS),-1,1500,0,Regular,Regular Gasoline,-1,-1,28,0.0,0,0.0,0.0,0.0,0.0,0,0,10010,0,15,Volkswagen,Jetta III,N,false,0,88,0,0.0,0.0,0.0,0.0,Manual 5-spd,25.0,0.0,39.0,0.0,Compact Cars,1993,-1250,,,,,,,,,,,0.0,,Tue Jan 01 00:00:00 EST 2013,Tue Jan 01 00:00:00 EST 2013,,0,0,0
16.4805,0.0,0.0,0.0,18,0.0,0,0.0,0.0,0.0,0.0,-1,-1,0.0,444.35,20,0.0,0,0.0,0.0,0.0,0.0,4,2.3,Rear-Wheel Drive,60030,(FFS),-1,1700,0,Regular,Regular Gasoline,-1,-1,23,0.0,0,0.0,0.0,0.0,0.0,0,0,10011,0,14,Volvo,240,Y,false,0,90,0,0.0,0.0,0.0,0.0,Automatic 4-spd,22.0,0.0,32.0513,0.0,Compact Cars,1993,-2250,,,,,,,,,,,0.0,,Tue Jan 01 00:00:00 EST 2013,Tue Jan 01 00:00:00 EST 2013,,0,0,0
15.695714285714287,0.0,0.0,0.0,19,0.0,0,0.0,0.0,0.0,0.0,-1,-1,0.0,423.1904761904762,21,0.0,0,0.0,0.0,0.0,0.0,4,2.3,Rear-Wheel Drive,60030,(FFS),-1,1650,0,Regular,Regular Gasoline,-1,-1,26,0.0,0,0.0,0.0,0.0,0.0,0,0,10012,0,14,Volvo,240,Y,false,0,90,0,0.0,0.0,0.0,0.0,Manual 5-spd,23.3333,0.0,36.0,0.0,Compact Cars,1993,-2000,,SIL,,,,,,,,,0.0,,Tue Jan 01 00:00:00 EST 2013,Tue Jan 01 00:00:00 EST 2013,,0,0,0
17.347894736842107,0.0,0.0,0.0,17,0.0,0,0.0,0.0,0.0,0.0,-1,-1,0.0,467.7368421052632,19,0.0,0,0.0,0.0,0.0,0.0,6,2.8,Front-Wheel Drive,64012,(FFS),-1,2300,0,Premium,Premium Gasoline,-1,-1,22,0.0,0,0.0,0.0,0.0,0.0,0,0,10013,0,17,Audi,100,Y,false,0,96,0,0.0,0.0,0.0,0.0,Automatic 4-spd,21.0,0.0,31.0,0.0,Midsize Cars,1993,-5250,,CLKUP,,,,,,,,,0.0,,Tue Jan 01 00:00:00 EST 2013,Tue Jan 01 00:00:00 EST 2013,,0,0,0
17.347894736842107,0.0,0.0,0.0,17,0.0,0,0.0,0.0,0.0,0.0,-1,-1,0.0,467.7368421052632,19,0.0,0,0.0,0.0,0.0,0.0,6,2.8,Front-Wheel Drive,64012,(FFS),-1,2300,0,Premium,Premium Gasoline,-1,-1,24,0.0,0,0.0,0.0,0.0,0.0,0,0,10014,0,17,Audi,100,N,false,0,96,0,0.0,0.0,0.0,0.0,Manual 5-spd,21.0,0.0,33.3333,0.0,Midsize Cars,1993,-5250,,,,,,,,,,,0.0,,Tue Jan 01 00:00:00 EST 2013,Tue Jan 01 00:00:00 EST 2013,,0,0,0
20.600625,0.0,0.0,0.0,14,0.0,0,0.0,0.0,0.0,0.0,-1,-1,0.0,555.4375,16,0.0,0,0.0,0.0,0.0,0.0,8,4.0,Rear-Wheel Drive,12071,(GUZZLER)  (FFS),-1,2750,0,Premium,Premium Gasoline,-1,-1,20,0.0,0,0.0,0.0,0.0,0.0,0,0,10015,0,13,BMW,740i,N,false,0,101,0,0.0,0.0,0.0,0.0,Automatic 5-spd,17.7778,0.0,28.0,0.0,Midsize Cars,1993,-7500,T,,,,,,,,,,0.0,,Tue Jan 01 00:00:00 EST 2013,Tue Jan 01 00:00:00 EST 2013,,0,0,0
20.600625,0.0,0.0,0.0,14,0.0,0,0.0,0.0,0.0,0.0,-1,-1,0.0,555.4375,16,0.0,0,0.0,0.0,0.0,0.0,8,4.0,Rear-Wheel Drive,12071,(GUZZLER)  (FFS),-1,2750,0,Premium,Premium Gasoline,-1,-1,20,0.0,0,0.0,0.0,0.0,0.0,0,0,10016,0,13,BMW,740il,Y,false,0,105,0,0.0,0.0,0.0,0.0,Automatic 5-spd,17.0,0.0,28.0,0.0,Midsize Cars,1993,-7500,T,,,,,,,,,,0.0,,Tue Jan 01 00:00:00 EST 2013,Tue Jan 01 00:00:00 EST 2013,,0,0,0
25.354615384615386,0.0,0.0,0.0,11,0.0,0,0.0,0.0,0.0,0.0,-1,-1,0.0,683.6153846153846,13,0.0,0,0.0,0.0,0.0,0.0,12,5.0,Rear-Wheel Drive,12080,(GUZZLER)  (FFS),-1,2650,0,Regular,Regular Gasoline,-1,-1,17,0.0,0,0.0,0.0,0.0,0.0,0,0,10017,0,13,BMW,750il,N,false,0,105,0,0.0,0.0,0.0,0.0,Automatic 4-spd,13.3333,0.0,23.0,0.0,Midsize Cars,1993,-7000,T,2MODE,,,,,,,,,0.0,,Tue Jan 01 00:00:00 EST 2013,Tue Jan 01 00:00:00 EST 2013,,0,0,0
14.330869565217391,0.0,0.0,0.0,21,0.0,0,0.0,0.0,0.0,0.0,-1,-1,0.0,386.39130434782606,23,0.0,0,0.0,0.0,0.0,0.0,4,2.2,Front-Wheel Drive,4112,(FFS),-1,1500,0,Regular,Regular Gasoline,-1,-1,28,0.0,0,0.0,0.0,0.0,0.0,0,0,10018,16,16,Buick,Century,N,false,98,97,0,0.0,0.0,0.0,0.0,Automatic 3-spd,26.0,0.0,39.7436,0.0,Midsize Cars,1993,-1250,,CLKUP,,,,,,,,,0.0,,Tue Jan 01 00:00:00 EST 2013,Tue Jan 01 00:00:00 EST 2013,,0,0,0
17.347894736842107,0.0,0.0,0.0,17,0.0,0,0.0,0.0,0.0,0.0,-1,-1,0.0,467.7368421052632,19,0.0,0,0.0,0.0,0.0,0.0,6,3.3,Front-Wheel Drive,4410,(FFS),-1,1800,0,Regular,Regular Gasoline,-1,-1,24,0.0,0,0.0,0.0,0.0,0.0,0,0,10019,16,16,Buick,Century,Y,false,98,97,0,0.0,0.0,0.0,0.0,Automatic 3-spd,21.1111,0.0,33.0,0.0,Midsize Cars,1993,-2750,,CLKUP,,,,,,,,,0.0,,Tue Jan 01 00:00:00 EST 2013,Tue Jan 01 00:00:00 EST 2013,,0,0,0
25.354615384615386,0.0,0.0,0.0,11,0.0,0,0.0,0.0,0.0,0.0,-1,-1,0.0,683.6153846153846,13,0.0,0,0.0,0.0,0.0,0.0,8,5.2,Rear-Wheel Drive,2850,,-1,2650,0,Regular,Regular Gasoline,-1,-1,17,0.0,0,0.0,0.0,0.0,0.0,0,0,1002,0,0,Dodge,B150/B250 Wagon 2WD,N,false,0,0,0,0.0,0.0,0.0,0.0,Manual 4-spd,14.0,0.0,23.0,0.0,Vans,1985,-7000,,,,,,,,,,,0.0,,Tue Jan 01 00:00:00 EST 2013,Tue Jan 01 00:00:00 EST 2013,,0,0,0
15.695714285714287,0.0,0.0,0.0,18,0.0,0,0.0,0.0,0.0,0.0,-1,-1,0.0,423.1904761904762,21,0.0,0,0.0,0.0,0.0,0.0,6,3.3,Front-Wheel Drive,4410,(FFS),-1,1650,0,Regular,Regular Gasoline,-1,-1,26,0.0,0,0.0,0.0,0.0,0.0,0,0,10020,16,16,Buick,Century,N,false,98,97,0,0.0,0.0,0.0,0.0,Automatic 4-spd,22.0,0.0,37.0,0.0,Midsize Cars,1993,-2000,,CLKUP,,,,,,,,,0.0,,Tue Jan 01 00:00:00 EST 2013,Tue Jan 01 00:00:00 EST 2013,,0,0,0
16.4805,0.0,0.0,0.0,17,0.0,0,0.0,0.0,0.0,0.0,-1,-1,0.0,444.35,20,0.0,0,0.0,0.0,0.0,0.0,6,3.1,Front-Wheel Drive,4117,(FFS),-1,1700,0,Regular,Regular Gasoline,-1,-1,25,0.0,0,0.0,0.0,0.0,0.0,0,0,10021,16,16,Buick,Regal,N,false,95,100,0,0.0,0.0,0.0,0.0,Automatic 3-spd,21.0,0.0,35.0,0.0,Midsize Cars,1993,-2250,,CLKUP,,,,,,,,,0.0,,Tue Jan 01 00:00:00 EST 2013,Tue Jan 01 00:00:00 EST 2013,,0,0,0
16.4805,0.0,0.0,0.0,17,0.0,0,0.0,0.0,0.0,0.0,-1,-1,0.0,444.35,20,0.0,0,0.0,0.0,0.0,0.0,6,3.1,Front-Wheel Drive,4118,(FFS),-1,1700,0,Regular,Regular Gasoline,-1,-1,27,0.0,0,0.0,0.0,0.0,0.0,0,0,10022,16,16,Buick,Regal,N,false,95,100,0,0.0,0.0,0.0,0.0,Automatic 4-spd,21.0,0.0,38.0,0.0,Midsize Cars,1993,-2250,,CLKUP,,,,,,,,,0.0,,Tue Jan 01 00:00:00 EST 2013,Tue Jan 01 00:00:00 EST 2013,,0,0,0
16.4805,0.0,0.0,0.0,17,0.0,0,0.0,0.0,0.0,0.0,-1,-1,0.0,444.35,20,0.0,0,0.0,0.0,0.0,0.0,6,3.8,Front-Wheel Drive,4400,(FFS),-1,1700,0,Regular,Regular Gasoline,-1,-1,26,0.0,0,0.0,0.0,0.0,0.0,0,0,10023,16,16,Buick,Regal,Y,false,95,100,0,0.0,0.0,0.0,0.0,Automatic 4-spd,21.0,0.0,36.0,0.0,Midsize Cars,1993,-2250,,CLKUP,,,,,,,,,0.0,,Tue Jan 01 00:00:00 EST 2013,Tue Jan 01 00:00:00 EST 2013,,0,0,0
16.4805,0.0,0.0,0.0,17,0.0,0,0.0,0.0,0.0,0.0,-1,-1,0.0,444.35,20,0.0,0,0.0,0.0,0.0,0.0,6,3.8,Front-Wheel Drive,4400,(FFS),-1,1700,0,Regular,Regular Gasoline,-1,-1,25,0.0,0,0.0,0.0,0.0,0.0,0,0,10024,14,0,Buick,Riviera,N,false,99,0,0,0.0,0.0,0.0,0.0,Automatic 4-spd,21.0,0.0,35.0,0.0,Midsize Cars,1993,-2250,,CLKUP,,,,,,,,,0.0,,Tue Jan 01 00:00:00 EST 2013,Tue Jan 01 00:00:00 EST 2013,,0,0,0
18.311666666666667,0.0,0.0,0.0,15,0.0,0,0.0,0.0,0.0,0.0,-1,-1,0.0,493.72222222222223,18,0.0,0,0.0,0.0,0.0,0.0,8,4.6,Front-Wheel Drive,4620,(FFS),-1,2400,0,Premium,Premium Gasoline,-1,-1,23,0.0,0,0.0,0.0,0.0,0.0,0,0,10025,15,0,Cadillac,Eldorado,N,false,100,0,0,0.0,0.0,0.0,0.0,Automatic 4-spd,18.0,0.0,32.0,0.0,Midsize Cars,1993,-5750,,CLKUP,,,,,,,,,0.0,,Tue Jan 01 00:00:00 EST 2013,Tue Jan 01 00:00:00 EST 2013,,0,0,0
19.388823529411766,0.0,0.0,0.0,15,0.0,0,0.0,0.0,0.0,0.0,-1,-1,0.0,522.7647058823529,17,0.0,0,0.0,0.0,0.0,0.0,8,4.9,Front-Wheel Drive,4640,(FFS),-1,2550,0,Premium,Premium Gasoline,-1,-1,23,0.0,0,0.0,0.0,0.0,0.0,0,0,10026,15,0,Cadillac,Eldorado,Y,false,100,0,0,0.0,0.0,0.0,0.0,Automatic 4-spd,18.0,0.0,32.0,0.0,Midsize Cars,1993,-6500,,CLKUP,,,,,,,,,0.0,,Tue Jan 01 00:00:00 EST 2013,Tue Jan 01 00:00:00 EST 2013,,0,0,0
18.311666666666667,0.0,0.0,0.0,15,0.0,0,0.0,0.0,0.0,0.0,-1,-1,0.0,493.72222222222223,18,0.0,0,0.0,0.0,0.0,0.0,8,4.6,Front-Wheel Drive,4620,(FFS),-1,2400,0,Premium,Premium Gasoline,-1,-1,23,0.0,0,0.0,0.0,0.0,0.0,0,0,10027,0,14,Cadillac,Seville,Y,false,0,106,0,0.0,0.0,0.0,0.0,Automatic 4-spd,18.0,0.0,32.0,0.0,Midsize Cars,1993,-5750,,CLKUP,,,,,,,,,0.0,,Tue Jan 01 00:00:00 EST 2013,Tue Jan 01 00:00:00 EST 2013,,0,0,0
19.388823529411766,0.0,0.0,0.0,15,0.0,0,0.0,0.0,0.0,0.0,-1,-1,0.0,522.7647058823529,17,0.0,0,0.0,0.0,0.0,0.0,8,4.9,Front-Wheel Drive,4640,(FFS),-1,2550,0,Premium,Premium Gasoline,-1,-1,23,0.0,0,0.0,0.0,0.0,0.0,0,0,10028,0,14,Cadillac,Seville,N,false,0,106,0,0.0,0.0,0.0,0.0,Automatic 4-spd,18.0,0.0,32.0,0.0,Midsize Cars,1993,-6500,,CLKUP,,,,,,,,,0.0,,Tue Jan 01 00:00:00 EST 2013,Tue Jan 01 00:00:00 EST 2013,,0,0,0
15.695714285714287,0.0,0.0,0.0,18,0.0,0,0.0,0.0,0.0,0.0,-1,-1,0.0,423.1904761904762,21,0.0,0,0.0,0.0,0.0,0.0,4,2.2,Front-Wheel Drive,4122,(FFS),-1,1650,0,Regular,Regular Gasoline,-1,-1,26,0.0,0,0.0,0.0,0.0,0.0,0,0,10029,15,16,Chevrolet,Lumina,N,false,95,100,0,0.0,0.0,0.0,0.0,Automatic 3-spd,23.0,0.0,37.0,0.0,Midsize Cars,1993,-2000,,CLKUP,,,,,,,,,0.0,,Tue Jan 01 00:00:00 EST 2013,Tue Jan 01 00:00:00 EST 2013,,0,0,0
25.354615384615386,0.0,0.0,0.0,11,0.0,0,0.0,0.0,0.0,0.0,-1,-1,0.0,683.6153846153846,13,0.0,0,0.0,0.0,0.0,0.0,8,5.2,Rear-Wheel Drive,2859,(FFS),-1,2650,0,Regular,Regular Gasoline,-1,-1,17,0.0,0,0.0,0.0,0.0,0.0,0,0,1003,0,0,Dodge,B150/B250 Wagon 2WD,N,false,0,0,0,0.0,0.0,0.0,0.0,Manual 4-spd,13.0,0.0,23.0769,0.0,Vans,1985,-7000,,,,,,,,,,,0.0,,Tue Jan 01 00:00:00 EST 2013,Tue Jan 01 00:00:00 EST 2013,,0,0,0
16.4805,0.0,0.0,0.0,17,0.0,0,0.0,0.0,0.0,0.0,-1,-1,0.0,444.35,20,0.0,0,0.0,0.0,0.0,0.0,6,3.1,Front-Wheel Drive,4117,(FFS),-1,1700,0,Regular,Regular Gasoline,-1,-1,25,0.0,0,0.0,0.0,0.0,0.0,0,0,10030,15,16,Chevrolet,Lumina,Y,false,95,100,0,0.0,0.0,0.0,0.0,Automatic 3-spd,21.0,0.0,35.0,0.0,Midsize Cars,1993,-2250,,CLKUP,,,,,,,,,0.0,,Tue Jan 01 00:00:00 EST 2013,Tue Jan 01 00:00:00 EST 2013,,0,0,0
16.4805,0.0,0.0,0.0,17,0.0,0,0.0,0.0,0.0,0.0,-1,-1,0.0,444.35,20,0.0,0,0.0,0.0,0.0,0.0,6,3.1,Front-Wheel Drive,4118,(FFS),-1,1700,0,Regular,Regular Gasoline,-1,-1,27,0.0,0,0.0,0.0,0.0,0.0,0,0,10031,15,16,Chevrolet,Lumina,Y,false,95,100,0,0.0,0.0,0.0,0.0,Automatic 4-spd,21.0,0.0,38.0,0.0,Midsize Cars,1993,-2250,,CLKUP,,,,,,,,,0.0,,Tue Jan 01 00:00:00 EST 2013,Tue Jan 01 00:00:00 EST 2013,,0,0,0
18.311666666666667,0.0,0.0,0.0,15,0.0,0,0.0,0.0,0.0,0.0,-1,-1,0.0,493.72222222222223,18,0.0,0,0.0,0.0,0.0,0.0,6,3.4,Front-Wheel Drive,4120,(FFS),-1,1900,0,Regular,Regular Gasoline,-1,-1,24,0.0,0,0.0,0.0,0.0,0.0,0,0,10032,15,16,Chevrolet,Lumina,N,false,95,100,0,0.0,0.0,0.0,0.0,Automatic 4-spd,19.0,0.0,33.0,0.0,Midsize Cars,1993,-3250,,CLKUP,,,,,,,,,0.0,,Tue Jan 01 00:00:00 EST 2013,Tue Jan 01 00:00:00 EST 2013,,0,0,0
18.311666666666667,0.0,0.0,0.0,15,0.0,0,0.0,0.0,0.0,0.0,-1,-1,0.0,493.72222222222223,18,0.0,0,0.0,0.0,0.0,0.0,6,3.4,Front-Wheel Drive,4119,(FFS),-1,1900,0,Regular,Regular Gasoline,-1,-1,24,0.0,0,0.0,0.0,0.0,0.0,0,0,10033,15,16,Chevrolet,Lumina,N,false,95,100,0,0.0,0.0,0.0,0.0,Manual 5-spd,18.8889,0.0,34.0,0.0,Midsize Cars,1993,-3250,,SIL,,,,,,,,,0.0,,Tue Jan 01 00:00:00 EST 2013,Tue Jan 01 00:00:00 EST 2013,,0,0,0
16.4805,0.0,0.0,0.0,18,0.0,0,0.0,0.0,0.0,0.0,-1,-1,0.0,444.35,20,0.0,0,0.0,0.0,0.0,0.0,6,3.3,Front-Wheel Drive,2611,(FFS),-1,1700,0,Regular,Regular Gasoline,-1,-1,24,0.0,0,0.0,0.0,0.0,0.0,0,0,10034,0,16,Chrysler,New Yorker,N,false,0,100,0,0.0,0.0,0.0,0.0,Automatic 4-spd,22.0,0.0,33.3333,0.0,Midsize Cars,1993,-2250,,CLKUP,,,,,,,,,0.0,,Tue Jan 01 00:00:00 EST 2013,Tue Jan 01 00:00:00 EST 2013,,0,0,0
21.974,0.0,0.0,0.0,13,0.0,0,0.0,0.0,0.0,0.0,-1,-1,0.0,592.4666666666667,15,0.0,0,0.0,0.0,0.0,0.0,6,3.0,Front-Wheel Drive,16923,(GUZZLER)  (FFS),-1,2900,0,Premium,Premium Gasoline,-1,-1,19,0.0,0,0.0,0.0,0.0,0.0,16,97,10035,0,0,CX Automotive,XM v6,N,false,0,0,0,0.0,0.0,0.0,0.0,Manual 5-spd,16.0,0.0,26.0,0.0,Midsize Cars,1993,-8250,T,,,,,,,,,,0.0,,Tue Jan 01 00:00:00 EST 2013,Tue Jan 01 00:00:00 EST 2013,,0,0,0
21.974,0.0,0.0,0.0,13,0.0,0,0.0,0.0,0.0,0.0,-1,-1,0.0,592.4666666666667,15,0.0,0,0.0,0.0,0.0,0.0,6,3.0,Front-Wheel Drive,16923,(GUZZLER)  (FFS),-1,2900,0,Premium,Premium Gasoline,-1,-1,19,0.0,0,0.0,0.0,0.0,0.0,16,97,10036,0,0,CX Automotive,XM v6a,N,false,0,0,0,0.0,0.0,0.0,0.0,Automatic 4-spd,16.0,0.0,26.0,0.0,Midsize Cars,1993,-8250,T,,,,,,,,,,0.0,,Tue Jan 01 00:00:00 EST 2013,Tue Jan 01 00:00:00 EST 2013,,0,0,0
17.347894736842107,0.0,0.0,0.0,17,0.0,0,0.0,0.0,0.0,0.0,-1,-1,0.0,467.7368421052632,19,0.0,0,0.0,0.0,0.0,0.0,6,3.0,Front-Wheel Drive,38032,(FFS) DOHC,-1,2300,0,Premium,Premium Gasoline,-1,-1,23,0.0,0,0.0,0.0,0.0,0.0,0,0,10037,0,14,Nissan,Maxima,N,false,0,96,0,0.0,0.0,0.0,0.0,Automatic 4-spd,21.0,0.0,32.0,0.0,Midsize Cars,1993,-5250,,3MODE CLKUP,,,,,,,,,0.0,,Tue Jan 01 00:00:00 EST 2013,Tue Jan 01 00:00:00 EST 2013,,0,0,0
17.347894736842107,0.0,0.0,0.0,17,0.0,0,0.0,0.0,0.0,0.0,-1,-1,0.0,467.7368421052632,19,0.0,0,0.0,0.0,0.0,0.0,6,3.0,Front-Wheel Drive,38033,(FFS) SOHC,-1,2300,0,Premium,Premium Gasoline,-1,-1,24,0.0,0,0.0,0.0,0.0,0.0,0,0,10038,0,14,Nissan,Maxima,N,false,0,96,0,0.0,0.0,0.0,0.0,Automatic 4-spd,21.0,0.0,33.0,0.0,Midsize Cars,1993,-5250,,3MODE CLKUP,,,,,,,,,0.0,,Tue Jan 01 00:00:00 EST 2013,Tue Jan 01 00:00:00 EST 2013,,0,0,0
16.4805,0.0,0.0,0.0,18,0.0,0,0.0,0.0,0.0,0.0,-1,-1,0.0,444.35,20,0.0,0,0.0,0.0,0.0,0.0,6,3.0,Front-Wheel Drive,38032,(FFS) DOHC,-1,2200,0,Premium,Premium Gasoline,-1,-1,24,0.0,0,0.0,0.0,0.0,0.0,0,0,10039,0,14,Nissan,Maxima,Y,false,0,96,0,0.0,0.0,0.0,0.0,Manual 5-spd,23.0,0.0,33.0,0.0,Midsize Cars,1993,-4750,,,,,,,,,,,0.0,,Tue Jan 01 00:00:00 EST 2013,Tue Jan 01 00:00:00 EST 2013,,0,0,0
32.961,0.0,0.0,0.0,9,0.0,0,0.0,0.0,0.0,0.0,-1,-1,0.0,888.7,10,0.0,0,0.0,0.0,0.0,0.0,8,5.9,Rear-Wheel Drive,2890,,-1,3400,0,Regular,Regular Gasoline,-1,-1,11,0.0,0,0.0,0.0,0.0,0.0,0,0,1004,0,0,Dodge,B150/B250 Wagon 2WD,N,false,0,0,0,0.0,0.0,0.0,0.0,Automatic 3-spd,11.0,0.0,15.0,0.0,Vans,1985,-10750,,,,,,,,,,,0.0,,Tue Jan 01 00:00:00 EST 2013,Tue Jan 01 00:00:00 EST 2013,,0,0,0
15.695714285714287,0.0,0.0,0.0,18,0.0,0,0.0,0.0,0.0,0.0,-1,-1,0.0,423.1904761904762,21,0.0,0,0.0,0.0,0.0,0.0,4,2.5,Front-Wheel Drive,2420,(FFS),-1,1650,0,Regular,Regular Gasoline,-1,-1,24,0.0,0,0.0,0.0,0.0,0.0,0,0,10040,0,16,Dodge,Dynasty,N,false,0,99,0,0.0,0.0,0.0,0.0,Automatic 3-spd,23.0,0.0,34.0,0.0,Midsize Cars,1993,-2000,,CLKUP,,,,,,,,,0.0,,Tue Jan 01 00:00:00 EST 2013,Tue Jan 01 00:00:00 EST 2013,,0,0,0
15.695714285714287,0.0,0.0,0.0,18,0.0,0,0.0,0.0,0.0,0.0,-1,-1,0.0,423.1904761904762,21,0.0,0,0.0,0.0,0.0,0.0,6,3.0,Front-Wheel Drive,2510,(FFS),-1,1650,0,Regular,Regular Gasoline,-1,-1,26,0.0,0,0.0,0.0,0.0,0.0,0,0,10041,0,16,Dodge,Dynasty,Y,false,0,99,0,0.0,0.0,0.0,0.0,Automatic 4-spd,23.0,0.0,36.0,0.0,Midsize Cars,1993,-2000,,CLKUP,,,,,,,,,0.0,,Tue Jan 01 00:00:00 EST 2013,Tue Jan 01 00:00:00 EST 2013,,0,0,0
16.4805,0.0,0.0,0.0,18,0.0,0,0.0,0.0,0.0,0.0,-1,-1,0.0,444.35,20,0.0,0,0.0,0.0,0.0,0.0,6,3.3,Front-Wheel Drive,2611,(FFS),-1,1700,0,Regular,Regular Gasoline,-1,-1,24,0.0,0,0.0,0.0,0.0,0.0,0,0,10042,0,16,Dodge,Dynasty,N,false,0,99,0,0.0,0.0,0.0,0.0,Automatic 4-spd,22.0,0.0,33.3333,0.0,Midsize Cars,1993,-2250,,CLKUP,,,,,,,,,0.0,,Tue Jan 01 00:00:00 EST 2013,Tue Jan 01 00:00:00 EST 2013,,0,0,0
15.695714285714287,0.0,0.0,0.0,19,0.0,0,0.0,0.0,0.0,0.0,-1,-1,0.0,423.1904761904762,21,0.0,0,0.0,0.0,0.0,0.0,4,2.5,Front-Wheel Drive,2410,(FFS),-1,1650,0,Regular,Regular Gasoline,-1,-1,24,0.0,0,0.0,0.0,0.0,0.0,0,0,10043,0,14,Dodge,Spirit,Y,false,0,97,0,0.0,0.0,0.0,0.0,Automatic 3-spd,24.0,0.0,34.0,0.0,Midsize Cars,1993,-2000,,CLKUP,,,,,,,,,0.0,,Tue Jan 01 00:00:00 EST 2013,Tue Jan 01 00:00:00 EST 2013,,0,0,0
14.330869565217391,0.0,0.0,0.0,21,0.0,0,0.0,0.0,0.0,0.0,-1,-1,0.0,386.39130434782606,23,0.0,0,0.0,0.0,0.0,0.0,4,2.5,Front-Wheel Drive,2420,(FFS),-1,1500,0,Regular,Regular Gasoline,-1,-1,26,0.0,0,0.0,0.0,0.0,0.0,0,0,10044,0,14,Dodge,Spirit,N,false,0,97,0,0.0,0.0,0.0,0.0,Automatic 3-spd,26.0,0.0,36.0,0.0,Midsize Cars,1993,-1250,,CLKUP,,,,,,,,,0.0,,Tue Jan 01 00:00:00 EST 2013,Tue Jan 01 00:00:00 EST 2013,,0,0,0
13.1844,0.0,0.0,0.0,22,0.0,0,0.0,0.0,0.0,0.0,-1,-1,0.0,355.48,25,0.0,0,0.0,0.0,0.0,0.0,4,2.5,Front-Wheel Drive,2420,(FFS),-1,1350,0,Regular,Regular Gasoline,-1,-1,29,0.0,0,0.0,0.0,0.0,0.0,0,0,10045,0,14,Dodge,Spirit,N,false,0,97,0,0.0,0.0,0.0,0.0,Manual 5-spd,28.0,0.0,41.0,0.0,Midsize Cars,1993,-500,,,,,,,,,,,0.0,,Tue Jan 01 00:00:00 EST 2013,Tue Jan 01 00:00:00 EST 2013,,0,0,0
16.4805,0.0,0.0,0.0,18,0.0,0,0.0,0.0,0.0,0.0,-1,-1,0.0,444.35,20,0.0,0,0.0,0.0,0.0,0.0,6,3.0,Front-Wheel Drive,2510,(FFS),-1,1700,0,Regular,Regular Gasoline,-1,-1,24,0.0,0,0.0,0.0,0.0,0.0,0,0,10046,0,14,Dodge,Spirit,N,false,0,97,0,0.0,0.0,0.0,0.0,Automatic 3-spd,22.0,0.0,34.0,0.0,Midsize Cars,1993,-2250,,CLKUP,,,,,,,,,0.0,,Tue Jan 01 00:00:00 EST 2013,Tue Jan 01 00:00:00 EST 2013,,0,0,0
15.695714285714287,0.0,0.0,0.0,18,0.0,0,0.0,0.0,0.0,0.0,-1,-1,0.0,423.1904761904762,21,0.0,0,0.0,0.0,0.0,0.0,6,3.0,Front-Wheel Drive,2510,(FFS),-1,1650,0,Regular,Regular Gasoline,-1,-1,26,0.0,0,0.0,0.0,0.0,0.0,0,0,10047,0,14,Dodge,Spirit,Y,false,0,97,0,0.0,0.0,0.0,0.0,Automatic 4-spd,23.0,0.0,37.0,0.0,Midsize Cars,1993,-2000,,CLKUP,,,,,,,,,0.0,,Tue Jan 01 00:00:00 EST 2013,Tue Jan 01 00:00:00 EST 2013,,0,0,0
15.695714285714287,0.0,0.0,0.0,18,0.0,0,0.0,0.0,0.0,0.0,-1,-1,0.0,423.1904761904762,21,0.0,0,0.0,0.0,0.0,0.0,6,3.0,Front-Wheel Drive,3300,(FFS),-1,1650,0,Regular,Regular Gasoline,-1,-1,27,0.0,0,0.0,0.0,0.0,0.0,0,0,10048,0,18,Ford,Taurus,Y,false,0,100,0,0.0,0.0,0.0,0.0,Automatic 4-spd,23.0,0.0,38.0,0.0,Midsize Cars,1993,-2000,,,,,,,,,,,0.0,,Tue Jan 01 00:00:00 EST 2013,Tue Jan 01 00:00:00 EST 2013,,0,0,0
17.347894736842107,0.0,0.0,0.0,16,0.0,0,0.0,0.0,0.0,0.0,-1,-1,0.0,467.7368421052632,19,0.0,0,0.0,0.0,0.0,0.0,6,3.0,Front-Wheel Drive,3320,(FFS),-1,2300,0,Premium,Premium Gasoline,-1,-1,24,0.0,0,0.0,0.0,0.0,0.0,0,0,10049,0,18,Ford,Taurus SHO,Y,false,0,100,0,0.0,0.0,0.0,0.0,Manual 5-spd,20.0,0.0,33.3333,0.0,Midsize Cars,1993,-5250,,,,,,,,,,,0.0,,Tue Jan 01 00:00:00 EST 2013,Tue Jan 01 00:00:00 EST 2013,,0,0,0
32.961,0.0,0.0,0.0,10,0.0,0,0.0,0.0,0.0,0.0,-1,-1,0.0,888.7,10,0.0,0,0.0,0.0,0.0,0.0,8,5.2,Rear-Wheel Drive,2854,(FFS),-1,3400,0,Regular,Regular Gasoline,-1,-1,11,0.0,0,0.0,0.0,0.0,0.0,0,0,1005,0,0,Dodge,B350 Wagon 2WD,N,false,0,0,0,0.0,0.0,0.0,0.0,Automatic 3-spd,12.0,0.0,15.0,0.0,Vans,1985,-10750,,,,,,,,,,,0.0,,Tue Jan 01 00:00:00 EST 2013,Tue Jan 01 00:00:00 EST 2013,,0,0,0
16.4805,0.0,0.0,0.0,17,0.0,0,0.0,0.0,0.0,0.0,-1,-1,0.0,444.35,20,0.0,0,0.0,0.0,0.0,0.0,6,3.8,Front-Wheel Drive,3341,(FFS),-1,1700,0,Regular,Regular Gasoline,-1,-1,25,0.0,0,0.0,0.0,0.0,0.0,0,0,10050,0,18,Ford,Taurus,Y,false,0,100,0,0.0,0.0,0.0,0.0,Automatic 4-spd,21.0,0.0,35.0,0.0,Midsize Cars,1993,-2250,,,,,,,,,,,0.0,,Tue Jan 01 00:00:00 EST 2013,Tue Jan 01 00:00:00 EST 2013,,0,0,0
16.4805,0.0,0.0,0.0,17,0.0,0,0.0,0.0,0.0,0.0,-1,-1,0.0,444.35,20,0.0,0,0.0,0.0,0.0,0.0,6,3.8,Rear-Wheel Drive,3350,(FFS),-1,1700,0,Regular,Regular Gasoline,-1,-1,24,0.0,0,0.0,0.0,0.0,0.0,0,0,10051,15,0,Ford,Thunderbird,Y,false,101,0,0,0.0,0.0,0.0,0.0,Automatic 4-spd,21.1111,0.0,34.0,0.0,Midsize Cars,1993,-2250,,,,,,,,,,,0.0,,Tue Jan 01 00:00:00 EST 2013,Tue Jan 01 00:00:00 EST 2013,,0,0,0
19.388823529411766,0.0,0.0,0.0,15,0.0,0,0.0,0.0,0.0,0.0,-1,-1,0.0,522.7647058823529,17,0.0,0,0.0,0.0,0.0,0.0,6,3.8,Rear-Wheel Drive,3360,(FFS)      (S-CHARGE),-1,2550,0,Premium,Premium Gasoline,-1,-1,21,0.0,0,0.0,0.0,0.0,0.0,0,0,10052,15,0,Ford,Thunderbird,N,false,101,0,0,0.0,0.0,0.0,0.0,Automatic 4-spd,19.0,0.0,29.0,0.0,Midsize Cars,1993,-6500,,,,S,,,,,,,0.0,,Tue Jan 01 00:00:00 EST 2013,Tue Jan 01 00:00:00 EST 2013,,0,0,0
18.311666666666667,0.0,0.0,0.0,15,0.0,0,0.0,0.0,0.0,0.0,-1,-1,0.0,493.72222222222223,18,0.0,0,0.0,0.0,0.0,0.0,6,3.8,Rear-Wheel Drive,3361,(FFS)      (S-CHARGE),-1,2400,0,Premium,Premium Gasoline,-1,-1,22,0.0,0,0.0,0.0,0.0,0.0,0,0,10053,15,0,Ford,Thunderbird,N,false,101,0,0,0.0,0.0,0.0,0.0,Manual 5-spd,19.0,0.0,31.0,0.0,Midsize Cars,1993,-5750,,,,S,,,,,,,0.0,,Tue Jan 01 00:00:00 EST 2013,Tue Jan 01 00:00:00 EST 2013,,0,0,0
18.311666666666667,0.0,0.0,0.0,15,0.0,0,0.0,0.0,0.0,0.0,-1,-1,0.0,493.72222222222223,18,0.0,0,0.0,0.0,0.0,0.0,8,5.0,Rear-Wheel Drive,3362,(FFS),-1,1900,0,Regular,Regular Gasoline,-1,-1,22,0.0,0,0.0,0.0,0.0,0.0,0,0,10054,15,0,Ford,Thunderbird,N,false,101,0,0,0.0,0.0,0.0,0.0,Automatic 4-spd,19.0,0.0,30.7692,0.0,Midsize Cars,1993,-3250,,,,,,,,,,,0.0,,Tue Jan 01 00:00:00 EST 2013,Tue Jan 01 00:00:00 EST 2013,,0,0,0
16.4805,0.0,0.0,0.0,18,0.0,0,0.0,0.0,0.0,0.0,-1,-1,0.0,444.35,20,0.0,0,0.0,0.0,0.0,0.0,4,2.0,Front-Wheel Drive,26501,(FFS)      (MPFI),-1,1700,0,Regular,Regular Gasoline,-1,-1,25,0.0,0,0.0,0.0,0.0,0.0,0,0,10055,0,14,Hyundai,Sonata,N,false,0,100,0,0.0,0.0,0.0,0.0,Automatic 4-spd,22.2222,0.0,35.0,0.0,Midsize Cars,1993,-2250,,2MODE CLKUP,,,,,,,,,0.0,,Tue Jan 01 00:00:00 EST 2013,Tue Jan 01 00:00:00 EST 2013,,0,0,0
16.4805,0.0,0.0,0.0,18,0.0,0,0.0,0.0,0.0,0.0,-1,-1,0.0,444.35,20,0.0,0,0.0,0.0,0.0,0.0,4,2.0,Front-Wheel Drive,26501,(FFS)      (MPFI),-1,1700,0,Regular,Regular Gasoline,-1,-1,24,0.0,0,0.0,0.0,0.0,0.0,0,0,10056,0,14,Hyundai,Sonata,N,false,0,100,0,0.0,0.0,0.0,0.0,Manual 5-spd,22.0,0.0,34.0,0.0,Midsize Cars,1993,-2250,,,,,,,,,,,0.0,,Tue Jan 01 00:00:00 EST 2013,Tue Jan 01 00:00:00 EST 2013,,0,0,0
18.311666666666667,0.0,0.0,0.0,16,0.0,0,0.0,0.0,0.0,0.0,-1,-1,0.0,493.72222222222223,18,0.0,0,0.0,0.0,0.0,0.0,6,3.0,Front-Wheel Drive,26502,(FFS)      (MPFI),-1,1900,0,Regular,Regular Gasoline,-1,-1,22,0.0,0,0.0,0.0,0.0,0.0,0,0,10057,0,14,Hyundai,Sonata,N,false,0,100,0,0.0,0.0,0.0,0.0,Automatic 4-spd,20.0,0.0,30.7692,0.0,Midsize Cars,1993,-3250,,2MODE,,,,,,,,,0.0,,Tue Jan 01 00:00:00 EST 2013,Tue Jan 01 00:00:00 EST 2013,,0,0,0
19.388823529411766,0.0,0.0,0.0,15,0.0,0,0.0,0.0,0.0,0.0,-1,-1,0.0,522.7647058823529,17,0.0,0,0.0,0.0,0.0,0.0,8,4.5,Rear-Wheel Drive,38040,(FFS),-1,2550,0,Premium,Premium Gasoline,-1,-1,20,0.0,0,0.0,0.0,0.0,0.0,0,0,10058,0,15,Infiniti,Q45,Y,false,0,95,0,0.0,0.0,0.0,0.0,Automatic 4-spd,19.0,0.0,28.0,0.0,Midsize Cars,1993,-6500,,2MODE CLKUP,,,,,,,,,0.0,,Tue Jan 01 00:00:00 EST 2013,Tue Jan 01 00:00:00 EST 2013,,0,0,0
21.974,0.0,0.0,0.0,14,0.0,0,0.0,0.0,0.0,0.0,-1,-1,0.0,592.4666666666667,15,0.0,0,0.0,0.0,0.0,0.0,8,4.5,Rear-Wheel Drive,38041,(GUZZLER)  (FFS),-1,2900,0,Premium,Premium Gasoline,-1,-1,18,0.0,0,0.0,0.0,0.0,0.0,0,0,10059,0,15,Infiniti,Q45 Full-Active Suspension,N,false,0,95,0,0.0,0.0,0.0,0.0,Automatic 4-spd,16.6667,0.0,24.359,0.0,Midsize Cars,1993,-8250,T,2MODE CLKUP,,,,,,,,,0.0,,Tue Jan 01 00:00:00 EST 2013,Tue Jan 01 00:00:00 EST 2013,,0,0,0
32.961,0.0,0.0,0.0,10,0.0,0,0.0,0.0,0.0,0.0,-1,-1,0.0,888.7,10,0.0,0,0.0,0.0,0.0,0.0,8,5.2,Rear-Wheel Drive,2850,,-1,3400,0,Regular,Regular Gasoline,-1,-1,11,0.0,0,0.0,0.0,0.0,0.0,0,0,1006,0,0,Dodge,B350 Wagon 2WD,N,false,0,0,0,0.0,0.0,0.0,0.0,Automatic 3-spd,12.0,0.0,15.0,0.0,Vans,1985,-10750,,,,,,,,,,,0.0,,Tue Jan 01 00:00:00 EST 2013,Tue Jan 01 00:00:00 EST 2013,,0,0,0
18.311666666666667,0.0,0.0,0.0,16,0.0,0,0.0,0.0,0.0,0.0,-1,-1,0.0,493.72222222222223,18,0.0,0,0.0,0.0,0.0,0.0,8,4.0,Rear-Wheel Drive,57011,(FFS),-1,2400,0,Premium,Premium Gasoline,-1,-1,22,0.0,0,0.0,0.0,0.0,0.0,0,0,10060,0,13,Lexus,LS 400,Y,false,0,97,0,0.0,0.0,0.0,0.0,Automatic 4-spd,20.0,0.0,30.0,0.0,Midsize Cars,1993,-5750,,2MODE 2LKUP,,,,,,,,,0.0,,Tue Jan 01 00:00:00 EST 2013,Tue Jan 01 00:00:00 EST 2013,,0,0,0
17.347894736842107,0.0,0.0,0.0,17,0.0,0,0.0,0.0,0.0,0.0,-1,-1,0.0,467.7368421052632,19,0.0,0,0.0,0.0,0.0,0.0,6,3.8,Rear-Wheel Drive,3350,(FFS),-1,1800,0,Regular,Regular Gasoline,-1,-1,24,0.0,0,0.0,0.0,0.0,0.0,0,0,10061,15,0,Mercury,Cougar,N,false,102,0,0,0.0,0.0,0.0,0.0,Automatic 4-spd,21.0,0.0,33.3333,0.0,Midsize Cars,1993,-2750,,,,,,,,,,,0.0,,Tue Jan 01 00:00:00 EST 2013,Tue Jan 01 00:00:00 EST 2013,,0,0,0
18.311666666666667,0.0,0.0,0.0,15,0.0,0,0.0,0.0,0.0,0.0,-1,-1,0.0,493.72222222222223,18,0.0,0,0.0,0.0,0.0,0.0,8,5.0,Rear-Wheel Drive,3362,(FFS),-1,1900,0,Regular,Regular Gasoline,-1,-1,22,0.0,0,0.0,0.0,0.0,0.0,0,0,10062,15,0,Mercury,Cougar,Y,false,102,0,0,0.0,0.0,0.0,0.0,Automatic 4-spd,19.0,0.0,30.7692,0.0,Midsize Cars,1993,-3250,,,,,,,,,,,0.0,,Tue Jan 01 00:00:00 EST 2013,Tue Jan 01 00:00:00 EST 2013,,0,0,0
15.695714285714287,0.0,0.0,0.0,18,0.0,0,0.0,0.0,0.0,0.0,-1,-1,0.0,423.1904761904762,21,0.0,0,0.0,0.0,0.0,0.0,6,3.0,Front-Wheel Drive,3300,(FFS),-1,1650,0,Regular,Regular Gasoline,-1,-1,27,0.0,0,0.0,0.0,0.0,0.0,0,0,10063,0,18,Mercury,Sable,N,false,0,100,0,0.0,0.0,0.0,0.0,Automatic 4-spd,23.0,0.0,38.0,0.0,Midsize Cars,1993,-2000,,,,,,,,,,,0.0,,Tue Jan 01 00:00:00 EST 2013,Tue Jan 01 00:00:00 EST 2013,,0,0,0
16.4805,0.0,0.0,0.0,17,0.0,0,0.0,0.0,0.0,0.0,-1,-1,0.0,444.35,20,0.0,0,0.0,0.0,0.0,0.0,6,3.8,Front-Wheel Drive,3341,(FFS),-1,1700,0,Regular,Regular Gasoline,-1,-1,25,0.0,0,0.0,0.0,0.0,0.0,0,0,10064,0,18,Mercury,Sable,Y,false,0,100,0,0.0,0.0,0.0,0.0,Automatic 4-spd,21.0,0.0,35.0,0.0,Midsize Cars,1993,-2250,,,,,,,,,,,0.0,,Tue Jan 01 00:00:00 EST 2013,Tue Jan 01 00:00:00 EST 2013,,0,0,0